year|exam|exercise|topic|exercise_type
2000|Junio|Ejercicio 2 Opción B|conf_electronica|números cuánticos
2000|Reserva 1|Ejercicio 4 Opcion A|conf_electronica|especies isoelectrónicas (Na+ y Ne)
2000|Reserva 2|Ejercicio 2 Opcion A|conf_electronica|posición(periodo y grupo)
2000|Reserva 3|Ejercicio 2 Opción A|conf_electronica|propiedades periódicas
2000|Reserva 4|Ejercicio 2 Opción B|conf_electronica|ion estable
2000|Septiembre|Ejercicio 2 Opción B|conf_electronica|propiedades periódicas
2001|Junio|Ejercicio 2 Opcion A|conf_electronica|posición(periodo y grupo)
2001|Reserva 1|Ejercicio 2 Opción A|conf_electronica|isoelectrónicos
2001|Reserva 2|Ejercicio 2 Opción B|conf_electronica|ion estable
2001|Reserva 3|Ejercicio 2 Opción B|conf_electronica|posición(periodo y grupo)
2001|Reserva 4|Ejercicio 2 Opcion A|conf_electronica|números cuánticos
2001|Septiembre|Ejercicio 2 Opción A|conf_electronica|propiedades periódicas
2002|Junio|Ejercicio 2 Opción A|conf_electronica|propiedades periódicas
2002|Reserva 1|Ejercicio 2 Opción A|conf_electronica|especies isoelectrónicas (Na+ y Ne)
2002|Reserva 2|Ejercicio 3 Opción B|conf_electronica|propiedades periódicas
2002|Reserva 3|Ejercicio 2 Opcion A|conf_electronica|propiedades periódicas
2002|Reserva 4|Ejercicio 2 Opción A|conf_electronica|ion estable
2002|Septiembre|Ejercicio 2 Opción B|conf_electronica|indicar qué configuraciones electrónicas son correctas o si pertenecen a un átomo en estado excitado o fundamental
2003|Junio|Ejercicio 2 Opción A|conf_electronica|números cuánticos
2003|Reserva 1|Ejercicio 2 Opción A|conf_electronica|números cuánticos
2003|Reserva 2|Ejercicio 2 Opción B|conf_electronica|posición(periodo y grupo)
2003|Reserva 3|Ejercicio 2 Opcion A|conf_electronica|propiedades periódicas
2003|Reserva 4|Ejercicio 3 Opción B|conf_electronica|ion estable
2003|Septiembre|Ejercicio 2 Opción A|conf_electronica|posición(periodo y grupo)
2004|Junio|Ejercicio 2 Opcióon A|conf_electronica|indicar qué configuraciones electrónicas son correctas o si pertenecen a un átomo en estado excitado o fundamental
2004|Reserva 1|Ejercicio 2 Opcion A|conf_electronica|electrones desapareados
2004|Reserva 2|Ejercicio 2 Opción A|conf_electronica|números cuánticos
2004|Reserva 3|Ejercicio 2 Opción A|conf_electronica|especies isoelectrónicas (Na+ y Ne)
2004|Reserva 4|Ejercicio 3 Opción B|conf_electronica|propiedades periódicas
2004|Septiembre|Ejercicio 2 Opcion A|conf_electronica|propiedades periódicas
2005|Junio|Ejercicio 2 Opción A|conf_electronica|posición(periodo y grupo)
2005|Reserva 1|Ejercicio 3 Opción B|conf_electronica|especies isoelectrónicas (Na+ y Ne)
2005|Reserva 2|Ejercicio 2 Opcióon A|conf_electronica|números cuánticos
2005|Reserva 3|Ejercicio 2 Opcion A|conf_electronica|electrones desapareados
2005|Reserva 4|Ejercicio 2 Opcion A|conf_electronica|energía de orbitales
2005|Septiembre|Ejercicio 2 Opción A|conf_electronica|posición(periodo y grupo)
2006|Junio|Ejercicio 2 Opción B|conf_electronica|indicar qué configuraciones electrónicas son correctas o si pertenecen a un átomo en estado excitado o fundamental
2006|Reserva 1|Ejercicio 2 Opcion A|conf_electronica|posición(periodo y grupo)
2006|Reserva 2|Ejercicio 3 Opción B|conf_electronica|propiedades periódicas
2006|Reserva 3|Ejercicio 2 Opción A|conf_electronica|especies isoelectrónicas (Na+ y Ne)
2006|Reserva 4|Ejercicio 2 Opción A|conf_electronica|especies isoelectrónicas (Na+ y Ne)
2006|Septiembre|Ejercicio 2 Opcion A|conf_electronica|electrones desapareados
2007|Junio|Ejercicio 2 Opción A|conf_electronica|propiedades periódicas
2007|Reserva 1|Ejercicio 2 Opcion A|conf_electronica|números cuánticos
2007|Reserva 2|Ejercicio 2 Opción B|conf_electronica|verdadero o falso
2007|Reserva 3|Ejercicio 2 Opcion A|conf_electronica|posición(periodo y grupo)
2007|Reserva 4|Ejercicio 2 Opcion A|conf_electronica|composición atómica
2007|Septiembre|Ejercicio 3 Opción B|conf_electronica|posición(periodo y grupo)
2008|Junio|Ejercicio 2 Opción A|conf_electronica|isoelectrónicos
2008|Reserva 1|Ejercicio 2 Opcion B|conf_electronica|composición atómica
2008|Reserva 2|Ejercicio 2 Opción A|conf_electronica|verdadero o falso
2008|Reserva 3|Ejercicio 3 Opción B|conf_electronica|posición(periodo y grupo)
2008|Reserva 4|Ejercicio 2 Opcion A|conf_electronica|verdadero o falso
2008|Septiembre|Ejercicio 2 Opción A|conf_electronica|propiedades periódicas
2009|Junio|Ejercicio 2 Opción A|conf_electronica|energías de ionización de cationes
2009|Reserva 1|Ejercicio 2 Opción A|conf_electronica|ion estable
2009|Reserva 2|Ejercicio 3 Opción B|conf_electronica|composición atómica
2009|Reserva 3|Ejercicio 2 Opción B|conf_electronica|verdadero o falso
2009|Reserva 4|Ejercicio 2 Opcion A|conf_electronica|isoelectrónicos
2009|Septiembre|Ejercicio 2 Opción A|conf_electronica|números cuánticos
2010|Junio|Ejercicio 3 Opción B|conf_electronica|isoelectrónicos
2010|Reserva 1|Ejercicio 2 Opción B|conf_electronica|ion estable
2010|Reserva 2|Ejercicio 2 Opción A|conf_electronica|isoelectrónicos
2010|Reserva 3|Ejercicio 2 Opción A|conf_electronica|números cuánticos
2010|Reserva 4|Ejercicio 2 Opcióon A|conf_electronica|ion estable
2010|Septiembre|Ejercicio 2 Opción A|conf_electronica|energías de ionización de cationes
2011|Junio|Ejercicio 2 Opción A|conf_electronica|energías de ionización de cationes
2011|Reserva 1|Ejercicio 2 Opcion A|conf_electronica|posición(periodo y grupo)
2011|Reserva 2|Ejercicio 3 Opción B|conf_electronica|electrones desapareados
2011|Reserva 3|Ejercicio 2 Opción B|conf_electronica|indicar qué configuraciones electrónicas son correctas o si pertenecen a un átomo en estado excitado o fundamental
2011|Reserva 4|Ejercicio 2 Opcion A|conf_electronica|propiedades periódicas
2011|Septiembre|Ejercicio 2 Opcióon A|conf_electronica|ion estable
2012|Junio|Ejercicio 3 Opción B|conf_electronica|verdadero o falso
2012|Reserva 1|Ejercicio 2 Opción B|conf_electronica|posición(periodo y grupo)
2012|Reserva 2|Ejercicio 2 Opción A|conf_electronica|propiedades periódicas
2012|Reserva 3|Ejercicio 2 Opcion A|conf_electronica|composición atómica
2012|Reserva 4|Ejercicio 2 Opcióon A|conf_electronica|posición(periodo y grupo)
2012|Septiembre|Ejercicio 2 Opción A|conf_electronica|posición(periodo y grupo)
2013|Junio|Ejercicio 2 Opcion A|conf_electronica|propiedades periódicas
2013|Reserva 1|Ejercicio 3 Opción B|conf_electronica|ion estable
2013|Reserva 2|Ejercicio 2 Opcion A|conf_electronica|ion estable
2013|Reserva 3|Ejercicio 2 Opcion A|conf_electronica|propiedades periódicas
2013|Reserva 4|Ejercicio 2 Opcion A|conf_electronica|electrones desapareados
2013|Septiembre|Ejercicio 2 Opción B|conf_electronica|posición(periodo y grupo)
2014|Junio|Ejercicio 2 Opcion A|conf_electronica|posición(periodo y grupo)
2014|Reserva 1|Ejercicio 2 Opcióon A|conf_electronica|verdadero o falso
2014|Reserva 2|Ejercicio 3 Opción B|conf_electronica|electrón diferenciador
2014|Reserva 3|Ejercicio 2 Opción B|conf_electronica|ion estable
2014|Reserva 4|Ejercicio 2 Opción A|conf_electronica|verdadero o falso
2014|Septiembre|Ejercicio 2 Opción A|conf_electronica|posición(periodo y grupo)
2015|Junio|Ejercicio 3 Opción B|conf_electronica|electrones desapareados
2015|Reserva 1|Ejercicio 2 Opción B|conf_electronica|posición(periodo y grupo)
2015|Reserva 2|Ejercicio 2 Opción A|conf_electronica|verdadero o falso
2015|Reserva 3|Ejercicio 2 Opción A|conf_electronica|especies isoelectrónicas (Na+ y Ne)
2015|Reserva 4|Ejercicio 2 Opcion A|conf_electronica|ion estable
2015|Septiembre|Ejercicio 2 Opción A|conf_electronica|números cuánticos
2016|Junio|Ejercicio 2 Opción B|conf_electronica|números cuánticos
2016|Reserva 1|Ejercicio 2 Opcion A|conf_electronica|verdadero o falso
2016|Reserva 2|Ejercicio 3 Opción B|conf_electronica|electrones desapareados
2016|Reserva 3|Ejercicio 2 Opcion A|conf_electronica|propiedades periódicas
2016|Septiembre|Ejercicio 2 Opcion A|conf_electronica|ion estable
2017|Junio|Ejercicio 2 Opción A|conf_electronica|propiedades periódicas
2017|Junio|Ejercicio 2 Opción B|conf_electronica|electrón diferenciador
2017|Reserva 1|Ejercicio 2 Opción A|conf_electronica|números cuánticos
2017|Reserva 2|Ejercicio 2 Opción A|conf_electronica|posición(periodo y grupo)
2017|Reserva 3|Ejercicio 2 Opción B|conf_electronica|electrón diferenciador
2017|Reserva 4|Ejercicio 2 Opcion A|conf_electronica|verdadero o falso
2017|Reserva 4|Ejercicio 2 Opción B|conf_electronica|verdadero o falso
2017|Septiembre|Ejercicio 2 Opcion A|conf_electronica|especies isoelectrónicas (Na+ y Ne)
2017|Septiembre|Ejercicio 2 Opción B|conf_electronica|verdadero o falso
2018|Junio|Ejercicio 2 Opción A|conf_electronica|propiedades periódicas
2018|Junio|Ejercicio 2 Opción B|conf_electronica|verdadero o falso
2018|Reserva 1|Ejercicio 2 Opcion A|conf_electronica|energía de orbitales
2018|Reserva 2|Ejercicio 2 Opción A|conf_electronica|verdadero o falso
2018|Reserva 2|Ejercicio 2 Opción B|conf_electronica|indicar qué configuraciones electrónicas son correctas o si pertenecen a un átomo en estado excitado o fundamental
2018|Reserva 3|Ejercicio 2 Opción A|conf_electronica|números cuánticos
2018|Reserva 4|Ejercicio 2 Opción B|conf_electronica|energía de orbitales
2018|Septiembre|Ejercicio 2 Opción A|conf_electronica|propiedades periódicas
2018|Septiembre|Ejercicio 2 Opción B|conf_electronica|electrón diferenciador
2019|Junio|Ejercicio 2 Opción A|conf_electronica|números cuánticos
2019|Reserva 1|Ejercicio 2 Opcion A|conf_electronica|propiedades periódicas
2019|Reserva 1|Ejercicio 2 Opción B|conf_electronica|ion estable
2019|Reserva 2|Ejercicio 2 Opcion A|conf_electronica|verdadero o falso
2019|Reserva 2|Ejercicio 2 Opción B|conf_electronica|verdadero o falso
2019|Reserva 3|Ejercicio 2 Opción B|conf_electronica|electrón diferenciador
2019|Reserva 4|Ejercicio 2 Opción A|conf_electronica|propiedades periódicas
2019|Reserva 4|Ejercicio 2 Opción B|conf_electronica|electrón diferenciador
2019|Septiembre|Ejercicio 2 Opcion A|conf_electronica|isoelectrónicos
2020|Junio|B1|conf_electronica|números cuánticos
2020|Junio|B4|conf_electronica|posición(periodo y grupo)
2020|Reserva 1|Ejercicio B1|conf_electronica|posición(periodo y grupo)
2020|Reserva 1|Ejercicio B2|conf_electronica|verdadero o falso
2020|Reserva 2|Ejercicio B1|conf_electronica|especies isoelectrónicas (Na+ y Ne)
2020|Reserva 2|Ejercicio B2|conf_electronica|verdadero o falso
2020|Reserva 3|Ejercicio B1|conf_electronica|ion estable
2020|Reserva 3|Ejercicio B4|conf_electronica|propiedades periódicas
2020|Reserva 4|Ejercicio B1|conf_electronica|propiedades periódicas
2020|Septiembre|B1|conf_electronica|ion estable
2020|Septiembre|B2|conf_electronica|posición(periodo y grupo)
2021|Julio|Ejercicio B1|conf_electronica|electrones desapareados
2021|Julio|Ejercicio B4|conf_electronica|verdadero o falso
2021|Junio|Ejercicio B1|conf_electronica|composición atómica
2021|Junio|Ejercicio B4|conf_electronica|verdadero o falso
2021|Reserva 1|Ejercicio B1|conf_electronica|verdadero o falso
2021|Reserva 1|Ejercicio B2|conf_electronica|propiedades periódicas
2021|Reserva 2|Ejercicio B1|conf_electronica|indicar qué configuraciones electrónicas son correctas o si pertenecen a un átomo en estado excitado o fundamental
2021|Reserva 2|Ejercicio B2|conf_electronica|isoelectrónicos
2021|Reserva 3|Ejercicio B1|conf_electronica|electrón diferenciador
2021|Reserva 3|Ejercicio B2|conf_electronica|verdadero o falso
2021|Reserva 4|Ejercicio B1|conf_electronica|verdadero o falso
2022|Julio|Ejercicio B1|conf_electronica|electrón diferenciador
2022|Julio|Ejercicio B2|conf_electronica|verdadero o falso
2022|Junio|Ejercicio B1|conf_electronica|electrón diferenciador
2022|Reserva 1|Ejercicio B1|conf_electronica|ion estable
2022|Reserva 1|Ejercicio B2|conf_electronica|electrones desapareados
2022|Reserva 2|Ejercicio B1|conf_electronica|verdadero o falso
2022|Reserva 2|Ejercicio B4|conf_electronica|posición(periodo y grupo)
2022|Reserva 3|Ejercicio B1|conf_electronica|números cuánticos
2022|Reserva 3|Ejercicio B4|conf_electronica|posición(periodo y grupo)
2022|Reserva 4|Ejercicio B1|conf_electronica|verdadero o falso
2022|Reserva 4|Ejercicio B2|conf_electronica|propiedades periódicas
2023|Julio|Ejercicio B1|conf_electronica|posición(periodo y grupo)
2023|Julio|Ejercicio B4|conf_electronica|verdadero o falso
2023|Junio|Ejercicio B1|conf_electronica|números cuánticos
2023|Junio|Ejercicio B2|conf_electronica|verdadero o falso
2024|Julio|Ejercicio B1|conf_electronica|ion estable
2024|Julio|Ejercicio B4|conf_electronica|propiedades periódicas
2024|Junio|Ejercicio B1|conf_electronica|verdadero o falso
2024|Junio|Ejercicio B4|conf_electronica|posición(periodo y grupo)
2024|Reserva 1|Ejercicio B1|conf_electronica|números cuánticos
2024|Reserva 2|Ejercicio B2|conf_electronica|isoelectrónicos
2024|Reserva 3|Ejercicio B1|conf_electronica|electrón diferenciador
2024|Reserva 3|Ejercicio B2|conf_electronica|verdadero o falso
2024|Reserva 4|Ejercicio B1|conf_electronica|electrón diferenciador
2024|Reserva 4|Ejercicio B2|conf_electronica|verdadero o falso
2025|Julio|Ejercicio 1A|conf_electronica|verdadero o falso
2025|Julio|Ejercicio 1B|conf_electronica|posición(periodo y grupo)
2025|Junio|Ejercicio 1A|conf_electronica|posición(periodo y grupo)
2025|Reserva 1|Ejercicio 1A|conf_electronica|posición(periodo y grupo)
2025|Reserva 2|Ejercicio 1A|conf_electronica|números cuánticos